Timestamp,Player_X,Player_Y,Circle_X,Circle_Y,Point1_X,Point1_Y,Point2_X,Point2_Y,Point3_X,Point3_Y
2024-02-23 15:11:02.374,0,0,0.2357023,0.2357023,0.21216,0.21216,-0.21216,0.21216,0,0.3
2024-02-23 15:11:02.423,0,0,0.2357023,0.2357023,0.21216,0.21216,-0.21216,0.21216,0,0.3
2024-02-23 15:11:02.445,0,0,0,0,0.21216,0.21216,-0.21216,0.21216,0,0.3
2024-02-23 15:11:02.458,0,0,0.01414213,0.01414213,0.21216,0.21216,-0.21216,0.21216,0,0.3
2024-02-23 15:11:02.468,0,0,0.02411736,0.02411736,0.21216,0.21216,-0.21216,0.21216,0,0.3
2024-02-23 15:11:02.478,0,0,0.03047086,0.03047086,0.21216,0.21216,-0.21216,0.21216,0,0.3
2024-02-23 15:11:02.489,0,0,0.03805769,0.03805769,0.21216,0.21216,-0.21216,0.21216,0,0.3
2024-02-23 15:11:02.500,0,0,0.04500847,0.04500847,0.21216,0.21216,-0.21216,0.21216,0,0.3
2024-02-23 15:11:02.509,0,0,0.0528143,0.0528143,0.21216,0.21216,-0.21216,0.21216,0,0.3
2024-02-23 15:11:02.520,0,0,0.05950508,0.05950508,0.21216,0.21216,-0.21216,0.21216,0,0.3
2024-02-23 15:11:02.531,0,0,0.06747814,0.06747814,0.21216,0.21216,-0.21216,0.21216,0,0.3
2024-02-23 15:11:02.543,0,0,0.07552282,0.07552282,0.21216,0.21216,-0.21216,0.21216,0,0.3
2024-02-23 15:11:02.554,0,0,0.08336697,0.08336697,0.21216,0.21216,-0.21216,0.21216,0,0.3
2024-02-23 15:11:02.565,0,0,0.09099891,0.09099891,0.21216,0.21216,-0.21216,0.21216,0,0.3
2024-02-23 15:11:02.574,0,0,0.09938979,0.09938979,0.21216,0.21216,-0.21216,0.21216,0,0.3
2024-02-23 15:11:02.585,0,0,0.1058847,0.1058847,0.21216,0.21216,-0.21216,0.21216,0,0.3
2024-02-23 15:11:02.595,0,0,0.1132509,0.1132509,0.21216,0.21216,-0.21216,0.21216,0,0.3
2024-02-23 15:11:02.604,0,0,0.1202159,0.1202159,0.21216,0.21216,-0.21216,0.21216,0,0.3
2024-02-23 15:11:02.615,0,0,0.1269079,0.1269079,0.21216,0.21216,-0.21216,0.21216,0,0.3
2024-02-23 15:11:02.624,0,0,0.1343215,0.1343215,0.21216,0.21216,-0.21216,0.21216,0,0.3
2024-02-23 15:11:02.644,0,0,0.1411223,0.1411223,0.21216,0.21216,-0.21216,0.21216,0,0.3
2024-02-23 15:11:02.650,0,0,0.1544486,0.1544486,0.21216,0.21216,-0.21216,0.21216,0,0.3
2024-02-23 15:11:02.662,0,0,0.159233,0.159233,0.21216,0.21216,-0.21216,0.21216,0,0.3
2024-02-23 15:11:02.672,0,0,0.1673966,0.1673966,0.21216,0.21216,-0.21216,0.21216,0,0.3
2024-02-23 15:11:02.684,0,0,0.1750508,0.1750508,0.21216,0.21216,-0.21216,0.21216,0,0.3
2024-02-23 15:11:02.694,0,0,0.1830827,0.1830827,0.21216,0.21216,-0.21216,0.21216,0,0.3
2024-02-23 15:11:02.704,0,0,0.1899698,0.1899698,0.21216,0.21216,-0.21216,0.21216,0,0.3
2024-02-23 15:11:02.713,0,0,0.1975817,0.1975817,0.21216,0.21216,-0.21216,0.21216,0,0.3
2024-02-23 15:11:02.723,0,0,0.2043916,0.2043916,0.21216,0.21216,-0.21216,0.21216,0,0.3
2024-02-23 15:11:02.734,0,0,0.2110674,0.2110674,0.21216,0.21216,-0.21216,0.21216,0,0.3
2024-02-23 15:11:02.743,0,0,0.2047768,0.2047768,0.21216,0.21216,-0.21216,0.21216,0,0.3
2024-02-23 15:11:02.752,0,0,0.1982985,0.1982985,0.21216,0.21216,-0.21216,0.21216,0,0.3
2024-02-23 15:11:02.762,0,0,0.1913273,0.1913273,0.21216,0.21216,-0.21216,0.21216,0,0.3
2024-02-23 15:11:02.772,0,0,0.1842074,0.1842074,0.21216,0.21216,-0.21216,0.21216,0,0.3
2024-02-23 15:11:02.782,0,0,0.1775466,0.1775466,0.21216,0.21216,-0.21216,0.21216,0,0.3
2024-02-23 15:11:02.791,0,0,0.1708073,0.1708073,0.21216,0.21216,-0.21216,0.21216,0,0.3
2024-02-23 15:11:02.802,0,0,0.1644852,0.1644852,0.21216,0.21216,-0.21216,0.21216,0,0.3
2024-02-23 15:11:02.813,0,0,0.1561548,0.1561548,0.21216,0.21216,-0.21216,0.21216,0,0.3
2024-02-23 15:11:02.821,0,0,0.1487925,0.1487925,0.21216,0.21216,-0.21216,0.21216,0,0.3
2024-02-23 15:11:02.831,0,0,0.1425679,0.1425679,0.21216,0.21216,-0.21216,0.21216,0,0.3
2024-02-23 15:11:02.850,0,0,0.1360217,0.1360217,0.21216,0.21216,-0.21216,0.21216,0,0.3
2024-02-23 15:11:02.856,0,0,0.1231413,0.1231413,0.21216,0.21216,-0.21216,0.21216,0,0.3
2024-02-23 15:11:02.866,0,0,0.11804,0.11804,0.21216,0.21216,-0.21216,0.21216,0,0.3
2024-02-23 15:11:02.875,0,0,0.1114004,0.1114004,0.21216,0.21216,-0.21216,0.21216,0,0.3
2024-02-23 15:11:02.886,0,0,0.1049097,0.1049097,0.21216,0.21216,-0.21216,0.21216,0,0.3
2024-02-23 15:11:02.897,0,0,0.09717575,0.09717575,0.21216,0.21216,-0.21216,0.21216,0,0.3
2024-02-23 15:11:02.907,0,0,0.08965412,0.08965412,0.21216,0.21216,-0.21216,0.21216,0,0.3
2024-02-23 15:11:02.919,0,0,0.08206268,0.08206268,0.21216,0.21216,-0.21216,0.21216,0,0.3
2024-02-23 15:11:02.930,0,0,0.07376351,0.07376351,0.21216,0.21216,-0.21216,0.21216,0,0.3
2024-02-23 15:11:02.948,0,0,0.06558384,0.06558384,0.21216,0.21216,-0.21216,0.21216,0,0.3
2024-02-23 15:11:02.959,0,0,0.05302153,0.05302153,0.21216,0.21216,-0.21216,0.21216,0,0.3
2024-02-23 15:11:02.969,0,0,0.04597315,0.04597315,0.21216,0.21216,-0.21216,0.21216,0,0.3
2024-02-23 15:11:02.979,0,0,0.03868182,0.03868182,0.21216,0.21216,-0.21216,0.21216,0,0.3
2024-02-23 15:11:02.988,0,0,0.0312094,0.0312094,0.21216,0.21216,-0.21216,0.21216,0,0.3
2024-02-23 15:11:03.000,0,0,0.02487259,0.02487259,0.21216,0.21216,-0.21216,0.21216,0,0.3
2024-02-23 15:11:03.009,0,0,0.0172048,0.0172048,0.21216,0.21216,-0.21216,0.21216,0,0.3
2024-02-23 15:11:03.021,0,0,0.01028604,0.01028604,0.21216,0.21216,-0.21216,0.21216,0,0.3
2024-02-23 15:11:03.032,0,0,0.002113231,0.002113231,0.21216,0.21216,-0.21216,0.21216,0,0.3
2024-02-23 15:11:03.052,0,0,0.008426451,0.008426451,0.21216,0.21216,-0.21216,0.21216,0,0.3
2024-02-23 15:11:03.063,0,0,0.02280992,0.02280992,0.21216,0.21216,-0.21216,0.21216,0,0.3
2024-02-23 15:11:03.075,0,0,0.02961264,0.02961264,0.21216,0.21216,-0.21216,0.21216,0,0.3
2024-02-23 15:11:03.087,0,0,0.03768419,0.03768419,0.21216,0.21216,-0.21216,0.21216,0,0.3
2024-02-23 15:11:03.098,0,0,0.04653519,0.04653519,0.21216,0.21216,-0.21216,0.21216,0,0.3
2024-02-23 15:11:03.108,0,0,0.05447232,0.05447232,0.21216,0.21216,-0.21216,0.21216,0,0.3
2024-02-23 15:11:03.119,0,0,0.0613355,0.0613355,0.21216,0.21216,-0.21216,0.21216,0,0.3
2024-02-23 15:11:03.130,0,0,0.06912888,0.06912888,0.21216,0.21216,-0.21216,0.21216,0,0.3
2024-02-23 15:11:03.139,0,0,0.07707831,0.07707831,0.21216,0.21216,-0.21216,0.21216,0,0.3
2024-02-23 15:11:03.150,0,0,0.08403398,0.08403398,0.21216,0.21216,-0.21216,0.21216,0,0.3
2024-02-23 15:11:03.163,0,0,0.0914487,0.0914487,0.21216,0.21216,-0.21216,0.21216,0,0.3
2024-02-23 15:11:03.174,0,0,0.1003191,0.1003191,0.21216,0.21216,-0.21216,0.21216,0,0.3
2024-02-23 15:11:03.186,0,0,0.1081908,0.1081908,0.21216,0.21216,-0.21216,0.21216,0,0.3
2024-02-23 15:11:03.197,0,0,0.1167706,0.1167706,0.21216,0.21216,-0.21216,0.21216,0,0.3
2024-02-23 15:11:03.207,0,0,0.1243121,0.1243121,0.21216,0.21216,-0.21216,0.21216,0,0.3
2024-02-23 15:11:03.219,0,0,0.1320351,0.1320351,0.21216,0.21216,-0.21216,0.21216,0,0.3
2024-02-23 15:11:03.230,0,0,0.1397483,0.1397483,0.21216,0.21216,-0.21216,0.21216,0,0.3
2024-02-23 15:11:03.241,0,0,0.1477921,0.1477921,0.21216,0.21216,-0.21216,0.21216,0,0.3
2024-02-23 15:11:03.260,0,0,0.1556741,0.1556741,0.21216,0.21216,-0.21216,0.21216,0,0.3
2024-02-23 15:11:03.268,0,0,0.168749,0.168749,0.21216,0.21216,-0.21216,0.21216,0,0.3
2024-02-23 15:11:03.279,0,0,0.1746912,0.1746912,0.21216,0.21216,-0.21216,0.21216,0,0.3
2024-02-23 15:11:03.289,0,0,0.1825829,0.1825829,0.21216,0.21216,-0.21216,0.21216,0,0.3
2024-02-23 15:11:03.302,0,0,0.1903669,0.1903669,0.21216,0.21216,-0.21216,0.21216,0,0.3
2024-02-23 15:11:03.313,0,0,0.1988756,0.1988756,0.21216,0.21216,-0.21216,0.21216,0,0.3
2024-02-23 15:11:03.323,0,0,0.2071064,0.2071064,0.21216,0.21216,-0.21216,0.21216,0,0.3
2024-02-23 15:11:03.335,0,0,0.2049894,0.2049894,0.21216,0.21216,-0.21216,0.21216,0,0.3
2024-02-23 15:11:03.346,0,0,0.1970668,0.1970668,0.21216,0.21216,-0.21216,0.21216,0,0.3
2024-02-23 15:11:03.358,0,0,0.1890156,0.1890156,0.21216,0.21216,-0.21216,0.21216,0,0.3
2024-02-23 15:11:03.369,0,0,0.1807913,0.1807913,0.21216,0.21216,-0.21216,0.21216,0,0.3
2024-02-23 15:11:03.381,0,0,0.1733757,0.1733757,0.21216,0.21216,-0.21216,0.21216,0,0.3
2024-02-23 15:11:03.391,0,0,0.1654572,0.1654572,0.21216,0.21216,-0.21216,0.21216,0,0.3
2024-02-23 15:11:03.402,0,0,0.1575935,0.1575935,0.21216,0.21216,-0.21216,0.21216,0,0.3
2024-02-23 15:11:03.413,0,0,0.1499565,0.1499565,0.21216,0.21216,-0.21216,0.21216,0,0.3
2024-02-23 15:11:03.423,0,0,0.1419207,0.1419207,0.21216,0.21216,-0.21216,0.21216,0,0.3
2024-02-23 15:11:03.434,0,0,0.1351279,0.1351279,0.21216,0.21216,-0.21216,0.21216,0,0.3
2024-02-23 15:11:03.444,0,0,0.1270649,0.1270649,0.21216,0.21216,-0.21216,0.21216,0,0.3
2024-02-23 15:11:03.462,0,0,0.1192323,0.1192323,0.21216,0.21216,-0.21216,0.21216,0,0.3
2024-02-23 15:11:03.470,0,0,0.1066112,0.1066112,0.21216,0.21216,-0.21216,0.21216,0,0.3
2024-02-23 15:11:03.482,0,0,0.1013271,0.1013271,0.21216,0.21216,-0.21216,0.21216,0,0.3
2024-02-23 15:11:03.493,0,0,0.09294172,0.09294172,0.21216,0.21216,-0.21216,0.21216,0,0.3
2024-02-23 15:11:03.504,0,0,0.08540078,0.08540078,0.21216,0.21216,-0.21216,0.21216,0,0.3
2024-02-23 15:11:03.516,0,0,0.07699838,0.07699838,0.21216,0.21216,-0.21216,0.21216,0,0.3
2024-02-23 15:11:03.527,0,0,0.06879212,0.06879212,0.21216,0.21216,-0.21216,0.21216,0,0.3
2024-02-23 15:11:03.538,0,0,0.06126596,0.06126596,0.21216,0.21216,-0.21216,0.21216,0,0.3
2024-02-23 15:11:03.550,0,0,0.05341269,0.05341269,0.21216,0.21216,-0.21216,0.21216,0,0.3
2024-02-23 15:11:03.561,0,0,0.04513346,0.04513346,0.21216,0.21216,-0.21216,0.21216,0,0.3
2024-02-23 15:11:03.571,0,0,0.03783456,0.03783456,0.21216,0.21216,-0.21216,0.21216,0,0.3
2024-02-23 15:11:03.582,0,0,0.02980105,0.02980105,0.21216,0.21216,-0.21216,0.21216,0,0.3
2024-02-23 15:11:03.592,0,0,0.02233046,0.02233046,0.21216,0.21216,-0.21216,0.21216,0,0.3
2024-02-23 15:11:03.603,0,0,0.01560249,0.01560249,0.21216,0.21216,-0.21216,0.21216,0,0.3
2024-02-23 15:11:03.614,0,0,0.007806495,0.007806495,0.21216,0.21216,-0.21216,0.21216,0,0.3
2024-02-23 15:11:03.624,0,0,-6.706687E-05,-6.706687E-05,0.21216,0.21216,-0.21216,0.21216,0,0.3
2024-02-23 15:11:03.635,0,0,-0.007478646,0.007478646,0.21216,0.21216,-0.21216,0.21216,0,0.3
2024-02-23 15:11:03.645,0,0,-0.01552092,0.01552092,0.21216,0.21216,-0.21216,0.21216,0,0.3
2024-02-23 15:11:03.663,0,0,-0.02257502,0.02257502,0.21216,0.21216,-0.21216,0.21216,0,0.3
2024-02-23 15:11:03.671,0,0,-0.03518154,0.03518154,0.21216,0.21216,-0.21216,0.21216,0,0.3
2024-02-23 15:11:03.682,0,0,-0.04104218,0.04104218,0.21216,0.21216,-0.21216,0.21216,0,0.3
2024-02-23 15:11:03.692,0,0,-0.04890506,0.04890506,0.21216,0.21216,-0.21216,0.21216,0,0.3
2024-02-23 15:11:03.703,0,0,-0.05551227,0.05551227,0.21216,0.21216,-0.21216,0.21216,0,0.3
2024-02-23 15:11:03.713,0,0,-0.06359804,0.06359804,0.21216,0.21216,-0.21216,0.21216,0,0.3
2024-02-23 15:11:03.723,0,0,-0.07079341,0.07079341,0.21216,0.21216,-0.21216,0.21216,0,0.3
2024-02-23 15:11:03.735,0,0,-0.07771882,0.07771882,0.21216,0.21216,-0.21216,0.21216,0,0.3
2024-02-23 15:11:03.745,0,0,-0.08618996,0.08618996,0.21216,0.21216,-0.21216,0.21216,0,0.3
2024-02-23 15:11:03.756,0,0,-0.09330069,0.09330069,0.21216,0.21216,-0.21216,0.21216,0,0.3
2024-02-23 15:11:03.767,0,0,-0.1006132,0.1006132,0.21216,0.21216,-0.21216,0.21216,0,0.3
2024-02-23 15:11:03.778,0,0,-0.1087452,0.1087452,0.21216,0.21216,-0.21216,0.21216,0,0.3
2024-02-23 15:11:03.789,0,0,-0.1164885,0.1164885,0.21216,0.21216,-0.21216,0.21216,0,0.3
2024-02-23 15:11:03.800,0,0,-0.1240207,0.1240207,0.21216,0.21216,-0.21216,0.21216,0,0.3
2024-02-23 15:11:03.810,0,0,-0.1316823,0.1316823,0.21216,0.21216,-0.21216,0.21216,0,0.3
2024-02-23 15:11:03.822,0,0,-0.1389963,0.1389963,0.21216,0.21216,-0.21216,0.21216,0,0.3
2024-02-23 15:11:03.833,0,0,-0.1474876,0.1474876,0.21216,0.21216,-0.21216,0.21216,0,0.3
2024-02-23 15:11:03.843,0,0,-0.1550557,0.1550557,0.21216,0.21216,-0.21216,0.21216,0,0.3
2024-02-23 15:11:03.855,0,0,-0.1622455,0.1622455,0.21216,0.21216,-0.21216,0.21216,0,0.3
2024-02-23 15:11:03.873,0,0,-0.1700064,0.1700064,0.21216,0.21216,-0.21216,0.21216,0,0.3
2024-02-23 15:11:03.882,0,0,-0.1831446,0.1831446,0.21216,0.21216,-0.21216,0.21216,0,0.3
2024-02-23 15:11:03.893,0,0,-0.1895323,0.1895323,0.21216,0.21216,-0.21216,0.21216,0,0.3
2024-02-23 15:11:03.905,0,0,-0.1975651,0.1975651,0.21216,0.21216,-0.21216,0.21216,0,0.3
2024-02-23 15:11:03.917,0,0,-0.2061356,0.2061356,0.21216,0.21216,-0.21216,0.21216,0,0.3
2024-02-23 15:11:03.928,0,0,-0.2040716,0.2040716,0.21216,0.21216,-0.21216,0.21216,0,0.3
2024-02-23 15:11:03.940,0,0,-0.1967338,0.1967338,0.21216,0.21216,-0.21216,0.21216,0,0.3
2024-02-23 15:11:03.952,0,0,-0.1872986,0.1872986,0.21216,0.21216,-0.21216,0.21216,0,0.3
2024-02-23 15:11:03.963,0,0,-0.1793758,0.1793758,0.21216,0.21216,-0.21216,0.21216,0,0.3
2024-02-23 15:11:03.973,0,0,-0.1711301,0.1711301,0.21216,0.21216,-0.21216,0.21216,0,0.3
2024-02-23 15:11:03.984,0,0,-0.1638288,0.1638288,0.21216,0.21216,-0.21216,0.21216,0,0.3
2024-02-23 15:11:03.995,0,0,-0.1562371,0.1562371,0.21216,0.21216,-0.21216,0.21216,0,0.3
2024-02-23 15:11:04.006,0,0,-0.1485412,0.1485412,0.21216,0.21216,-0.21216,0.21216,0,0.3
2024-02-23 15:11:04.018,0,0,-0.1410844,0.1410844,0.21216,0.21216,-0.21216,0.21216,0,0.3
2024-02-23 15:11:04.027,0,0,-0.1331849,0.1331849,0.21216,0.21216,-0.21216,0.21216,0,0.3
2024-02-23 15:11:04.039,0,0,-0.1261882,0.1261882,0.21216,0.21216,-0.21216,0.21216,0,0.3
2024-02-23 15:11:04.049,0,0,-0.1180332,0.1180332,0.21216,0.21216,-0.21216,0.21216,0,0.3
2024-02-23 15:11:04.060,0,0,-0.1105056,0.1105056,0.21216,0.21216,-0.21216,0.21216,0,0.3
2024-02-23 15:11:04.079,0,0,-0.103013,0.103013,0.21216,0.21216,-0.21216,0.21216,0,0.3
2024-02-23 15:11:04.087,0,0,-0.08956897,0.08956897,0.21216,0.21216,-0.21216,0.21216,0,0.3
2024-02-23 15:11:04.097,0,0,-0.08391883,0.08391883,0.21216,0.21216,-0.21216,0.21216,0,0.3
2024-02-23 15:11:04.107,0,0,-0.07656428,0.07656428,0.21216,0.21216,-0.21216,0.21216,0,0.3
2024-02-23 15:11:04.118,0,0,-0.0693636,0.0693636,0.21216,0.21216,-0.21216,0.21216,0,0.3
2024-02-23 15:11:04.129,0,0,-0.06173018,0.06173018,0.21216,0.21216,-0.21216,0.21216,0,0.3
2024-02-23 15:11:04.139,0,0,-0.05389692,0.05389692,0.21216,0.21216,-0.21216,0.21216,0,0.3
2024-02-23 15:11:04.150,0,0,-0.04672367,0.04672367,0.21216,0.21216,-0.21216,0.21216,0,0.3
2024-02-23 15:11:04.162,0,0,-0.03862518,0.03862518,0.21216,0.21216,-0.21216,0.21216,0,0.3
2024-02-23 15:11:04.173,0,0,-0.03065347,0.03065347,0.21216,0.21216,-0.21216,0.21216,0,0.3
2024-02-23 15:11:04.185,0,0,-0.02314187,0.02314187,0.21216,0.21216,-0.21216,0.21216,0,0.3
2024-02-23 15:11:04.197,0,0,-0.01446645,0.01446645,0.21216,0.21216,-0.21216,0.21216,0,0.3
2024-02-23 15:11:04.208,0,0,-0.006271292,0.006271292,0.21216,0.21216,-0.21216,0.21216,0,0.3
2024-02-23 15:11:04.219,0,0,-0.008137455,0.008137455,0.21216,0.21216,-0.21216,0.21216,0,0.3
2024-02-23 15:11:04.230,0,0,-0.01586642,0.01586642,0.21216,0.21216,-0.21216,0.21216,0,0.3
2024-02-23 15:11:04.241,0,0,-0.0238954,0.0238954,0.21216,0.21216,-0.21216,0.21216,0,0.3
2024-02-23 15:11:04.253,0,0,-0.0318908,0.0318908,0.21216,0.21216,-0.21216,0.21216,0,0.3
2024-02-23 15:11:04.264,0,0,-0.04002394,0.04002394,0.21216,0.21216,-0.21216,0.21216,0,0.3
2024-02-23 15:11:04.284,0,0,-0.04801198,0.04801198,0.21216,0.21216,-0.21216,0.21216,0,0.3
2024-02-23 15:11:04.294,0,0,-0.06203582,0.06203582,0.21216,0.21216,-0.21216,0.21216,0,0.3
2024-02-23 15:11:04.305,0,0,-0.06883621,0.06883621,0.21216,0.21216,-0.21216,0.21216,0,0.3
2024-02-23 15:11:04.314,0,0,-0.07630616,0.07630616,0.21216,0.21216,-0.21216,0.21216,0,0.3
2024-02-23 15:11:04.324,0,0,-0.08373375,0.08373375,0.21216,0.21216,-0.21216,0.21216,0,0.3
2024-02-23 15:11:04.337,0,0,-0.09064996,0.09064996,0.21216,0.21216,-0.21216,0.21216,0,0.3
2024-02-23 15:11:04.348,0,0,-0.0986716,0.0986716,0.21216,0.21216,-0.21216,0.21216,0,0.3
2024-02-23 15:11:04.359,0,0,-0.1070568,0.1070568,0.21216,0.21216,-0.21216,0.21216,0,0.3
2024-02-23 15:11:04.370,0,0,-0.1146578,0.1146578,0.21216,0.21216,-0.21216,0.21216,0,0.3
2024-02-23 15:11:04.380,0,0,-0.1227731,0.1227731,0.21216,0.21216,-0.21216,0.21216,0,0.3
2024-02-23 15:11:04.391,0,0,-0.1304383,0.1304383,0.21216,0.21216,-0.21216,0.21216,0,0.3
2024-02-23 15:11:04.406,0,0,-0.137666,0.137666,0.21216,0.21216,-0.21216,0.21216,0,0.3
2024-02-23 15:11:04.418,0,0,-0.1481591,0.1481591,0.21216,0.21216,-0.21216,0.21216,0,0.3
2024-02-23 15:11:04.430,0,0,-0.1567005,0.1567005,0.21216,0.21216,-0.21216,0.21216,0,0.3
2024-02-23 15:11:04.441,0,0,-0.1651076,0.1651076,0.21216,0.21216,-0.21216,0.21216,0,0.3
2024-02-23 15:11:04.451,0,0,-0.1723676,0.1723676,0.21216,0.21216,-0.21216,0.21216,0,0.3
2024-02-23 15:11:04.462,0,0,-0.1801766,0.1801766,0.21216,0.21216,-0.21216,0.21216,0,0.3
2024-02-23 15:11:04.473,0,0,-0.1879288,0.1879288,0.21216,0.21216,-0.21216,0.21216,0,0.3
2024-02-23 15:11:04.493,0,0,-0.1957672,0.1957672,0.21216,0.21216,-0.21216,0.21216,0,0.3
2024-02-23 15:11:04.504,0,0,-0.2105006,0.2105006,0.21216,0.21216,-0.21216,0.21216,0,0.3
2024-02-23 15:11:04.516,0,0,-0.2052161,0.2052161,0.21216,0.21216,-0.21216,0.21216,0,0.3
2024-02-23 15:11:04.527,0,0,-0.1967451,0.1967451,0.21216,0.21216,-0.21216,0.21216,0,0.3
2024-02-23 15:11:04.538,0,0,-0.1894786,0.1894786,0.21216,0.21216,-0.21216,0.21216,0,0.3
2024-02-23 15:11:04.549,0,0,-0.1811146,0.1811146,0.21216,0.21216,-0.21216,0.21216,0,0.3
2024-02-23 15:11:04.559,0,0,-0.1735713,0.1735713,0.21216,0.21216,-0.21216,0.21216,0,0.3
2024-02-23 15:11:04.569,0,0,-0.1665831,0.1665831,0.21216,0.21216,-0.21216,0.21216,0,0.3
2024-02-23 15:11:04.581,0,0,-0.1592558,0.1592558,0.21216,0.21216,-0.21216,0.21216,0,0.3
2024-02-23 15:11:04.589,0,0,-0.1513534,0.1513534,0.21216,0.21216,-0.21216,0.21216,0,0.3
2024-02-23 15:11:04.598,0,0,-0.144952,0.144952,0.21216,0.21216,-0.21216,0.21216,0,0.3
2024-02-23 15:11:04.606,0,0,-0.138422,0.138422,0.21216,0.21216,-0.21216,0.21216,0,0.3
2024-02-23 15:11:04.615,0,0,-0.1323887,0.1323887,0.21216,0.21216,-0.21216,0.21216,0,0.3
2024-02-23 15:11:04.625,0,0,-0.1260411,0.1260411,0.21216,0.21216,-0.21216,0.21216,0,0.3
2024-02-23 15:11:04.635,0,0,-0.1199302,0.1199302,0.21216,0.21216,-0.21216,0.21216,0,0.3
2024-02-23 15:11:04.648,0,0,-0.111916,0.111916,0.21216,0.21216,-0.21216,0.21216,0,0.3
2024-02-23 15:11:04.658,0,0,-0.1036185,0.1036185,0.21216,0.21216,-0.21216,0.21216,0,0.3
2024-02-23 15:11:04.670,0,0,-0.09590847,0.09590847,0.21216,0.21216,-0.21216,0.21216,0,0.3
2024-02-23 15:11:04.683,0,0,-0.08709212,0.08709212,0.21216,0.21216,-0.21216,0.21216,0,0.3
2024-02-23 15:11:04.702,0,0,-0.07860394,0.07860394,0.21216,0.21216,-0.21216,0.21216,0,0.3
2024-02-23 15:11:04.710,0,0,-0.06516212,0.06516212,0.21216,0.21216,-0.21216,0.21216,0,0.3
2024-02-23 15:11:04.724,0,0,-0.05924144,0.05924144,0.21216,0.21216,-0.21216,0.21216,0,0.3
2024-02-23 15:11:04.734,0,0,-0.05020405,0.05020405,0.21216,0.21216,-0.21216,0.21216,0,0.3
2024-02-23 15:11:04.746,0,0,-0.04218044,0.04218044,0.21216,0.21216,-0.21216,0.21216,0,0.3
2024-02-23 15:11:04.757,0,0,-0.03403486,0.03403486,0.21216,0.21216,-0.21216,0.21216,0,0.3
2024-02-23 15:11:04.768,0,0,-0.02633418,0.02633418,0.21216,0.21216,-0.21216,0.21216,0,0.3
2024-02-23 15:11:04.781,0,0,-0.01848274,0.01848274,0.21216,0.21216,-0.21216,0.21216,0,0.3
2024-02-23 15:11:04.791,0,0,-0.009921025,0.009921025,0.21216,0.21216,-0.21216,0.21216,0,0.3
2024-02-23 15:11:04.802,0,0,-0.002511396,0.002511396,0.21216,0.21216,-0.21216,0.21216,0,0.3
2024-02-23 15:11:04.814,0,0,0,0.0110794,0.21216,0.21216,-0.21216,0.21216,0,0.3
2024-02-23 15:11:04.825,0,0,0,0.0226768,0.21216,0.21216,-0.21216,0.21216,0,0.3
2024-02-23 15:11:04.836,0,0,0,0.033293,0.21216,0.21216,-0.21216,0.21216,0,0.3
2024-02-23 15:11:04.847,0,0,0,0.0453491,0.21216,0.21216,-0.21216,0.21216,0,0.3
2024-02-23 15:11:04.859,0,0,0,0.0573892,0.21216,0.21216,-0.21216,0.21216,0,0.3
2024-02-23 15:11:04.870,0,0,0,0.0682058,0.21216,0.21216,-0.21216,0.21216,0,0.3
2024-02-23 15:11:04.879,0,0,0,0.07903971,0.21216,0.21216,-0.21216,0.21216,0,0.3
2024-02-23 15:11:04.889,0,0,0,0.0889035,0.21216,0.21216,-0.21216,0.21216,0,0.3
2024-02-23 15:11:04.905,0,0,0,0.09803791,0.21216,0.21216,-0.21216,0.21216,0,0.3
2024-02-23 15:11:04.913,0,0,0,0.1149046,0.21216,0.21216,-0.21216,0.21216,0,0.3
2024-02-23 15:11:04.922,0,0,0,0.1231296,0.21216,0.21216,-0.21216,0.21216,0,0.3
2024-02-23 15:11:04.933,0,0,0,0.132454,0.21216,0.21216,-0.21216,0.21216,0,0.3
2024-02-23 15:11:04.945,0,0,0,0.1426204,0.21216,0.21216,-0.21216,0.21216,0,0.3
2024-02-23 15:11:04.955,0,0,0,0.1549476,0.21216,0.21216,-0.21216,0.21216,0,0.3
2024-02-23 15:11:04.965,0,0,0,0.1651322,0.21216,0.21216,-0.21216,0.21216,0,0.3
2024-02-23 15:11:04.974,0,0,0,0.174921,0.21216,0.21216,-0.21216,0.21216,0,0.3
2024-02-23 15:11:04.983,0,0,0,0.183868,0.21216,0.21216,-0.21216,0.21216,0,0.3
2024-02-23 15:11:04.993,0,0,0,0.1932405,0.21216,0.21216,-0.21216,0.21216,0,0.3
2024-02-23 15:11:05.002,0,0,0,0.2028239,0.21216,0.21216,-0.21216,0.21216,0,0.3
2024-02-23 15:11:05.012,0,0,0,0.2125414,0.21216,0.21216,-0.21216,0.21216,0,0.3
2024-02-23 15:11:05.023,0,0,0,0.2220591,0.21216,0.21216,-0.21216,0.21216,0,0.3
2024-02-23 15:11:05.033,0,0,0,0.2319647,0.21216,0.21216,-0.21216,0.21216,0,0.3
2024-02-23 15:11:05.042,0,0,0,0.2423984,0.21216,0.21216,-0.21216,0.21216,0,0.3
2024-02-23 15:11:05.052,0,0,0,0.250826,0.21216,0.21216,-0.21216,0.21216,0,0.3
2024-02-23 15:11:05.061,0,0,0,0.2614531,0.21216,0.21216,-0.21216,0.21216,0,0.3
2024-02-23 15:11:05.071,0,0,0,0.2716446,0.21216,0.21216,-0.21216,0.21216,0,0.3
2024-02-23 15:11:05.081,0,0,0,0.2812823,0.21216,0.21216,-0.21216,0.21216,0,0.3
2024-02-23 15:11:05.091,0,0,0,0.2912687,0.21216,0.21216,-0.21216,0.21216,0,0.3
2024-02-23 15:11:05.108,0,0,0,0.290538,0.21216,0.21216,-0.21216,0.21216,0,0.3
2024-02-23 15:11:05.117,0,0,0,0.273382,0.21216,0.21216,-0.21216,0.21216,0,0.3
2024-02-23 15:11:05.127,0,0,0,0.2650784,0.21216,0.21216,-0.21216,0.21216,0,0.3
2024-02-23 15:11:05.137,0,0,0,0.2550699,0.21216,0.21216,-0.21216,0.21216,0,0.3
2024-02-23 15:11:05.147,0,0,0,0.2450027,0.21216,0.21216,-0.21216,0.21216,0,0.3
2024-02-23 15:11:05.156,0,0,0,0.2346463,0.21216,0.21216,-0.21216,0.21216,0,0.3
2024-02-23 15:11:05.165,0,0,0,0.225195,0.21216,0.21216,-0.21216,0.21216,0,0.3
2024-02-23 15:11:05.176,0,0,0,0.2162909,0.21216,0.21216,-0.21216,0.21216,0,0.3
2024-02-23 15:11:05.185,0,0,0,0.2059085,0.21216,0.21216,-0.21216,0.21216,0,0.3
2024-02-23 15:11:05.195,0,0,0,0.1965949,0.21216,0.21216,-0.21216,0.21216,0,0.3
2024-02-23 15:11:05.205,0,0,0,0.1863101,0.21216,0.21216,-0.21216,0.21216,0,0.3
2024-02-23 15:11:05.214,0,0,0,0.1765747,0.21216,0.21216,-0.21216,0.21216,0,0.3
2024-02-23 15:11:05.225,0,0,0,0.1671056,0.21216,0.21216,-0.21216,0.21216,0,0.3
2024-02-23 15:11:05.238,0,0,0,0.15659,0.21216,0.21216,-0.21216,0.21216,0,0.3
2024-02-23 15:11:05.248,0,0,0,0.1439207,0.21216,0.21216,-0.21216,0.21216,0,0.3
2024-02-23 15:11:05.256,0,0,0,0.1342443,0.21216,0.21216,-0.21216,0.21216,0,0.3
2024-02-23 15:11:05.268,0,0,0,0.1248734,0.21216,0.21216,-0.21216,0.21216,0,0.3
2024-02-23 15:11:05.278,0,0,0,0.1139895,0.21216,0.21216,-0.21216,0.21216,0,0.3
2024-02-23 15:11:05.286,0,0,0,0.103829,0.21216,0.21216,-0.21216,0.21216,0,0.3
2024-02-23 15:11:05.297,0,0,0,0.09475458,0.21216,0.21216,-0.21216,0.21216,0,0.3
2024-02-23 15:11:05.313,0,0,0,0.08419568,0.21216,0.21216,-0.21216,0.21216,0,0.3
2024-02-23 15:11:05.320,0,0,0,0.06856548,0.21216,0.21216,-0.21216,0.21216,0,0.3
2024-02-23 15:11:05.330,0,0,0,0.06126039,0.21216,0.21216,-0.21216,0.21216,0,0.3
2024-02-23 15:11:05.338,0,0,0,0.05203389,0.21216,0.21216,-0.21216,0.21216,0,0.3
2024-02-23 15:11:05.348,0,0,0,0.04372579,0.21216,0.21216,-0.21216,0.21216,0,0.3
2024-02-23 15:11:05.356,0,0,0,0.03382299,0.21216,0.21216,-0.21216,0.21216,0,0.3
2024-02-23 15:11:05.366,0,0,0,0.02544969,0.21216,0.21216,-0.21216,0.21216,0,0.3
2024-02-23 15:11:05.375,0,0,0,0.01592159,0.21216,0.21216,-0.21216,0.21216,0,0.3
2024-02-23 15:11:05.384,0,0,0,0.007337391,0.21216,0.21216,-0.21216,0.21216,0,0.3
2024-02-23 15:11:05.392,0,0,0,0.009977799,0.21216,0.21216,-0.21216,0.21216,0,0.3
2024-02-23 15:11:05.402,0,0,0,0.0178433,0.21216,0.21216,-0.21216,0.21216,0,0.3
2024-02-23 15:11:05.410,0,0,0,0.0279022,0.21216,0.21216,-0.21216,0.21216,0,0.3
2024-02-23 15:11:05.418,0,0,0,0.035598,0.21216,0.21216,-0.21216,0.21216,0,0.3
2024-02-23 15:11:05.427,0,0,0,0.0443962,0.21216,0.21216,-0.21216,0.21216,0,0.3
2024-02-23 15:11:05.436,0,0,0,0.0536738,0.21216,0.21216,-0.21216,0.21216,0,0.3
2024-02-23 15:11:05.446,0,0,0,0.0622744,0.21216,0.21216,-0.21216,0.21216,0,0.3
2024-02-23 15:11:05.458,0,0,0,0.0723091,0.21216,0.21216,-0.21216,0.21216,0,0.3
2024-02-23 15:11:05.468,0,0,0,0.08387391,0.21216,0.21216,-0.21216,0.21216,0,0.3
2024-02-23 15:11:05.478,0,0,0,0.09416201,0.21216,0.21216,-0.21216,0.21216,0,0.3
2024-02-23 15:11:05.488,0,0,0,0.1043602,0.21216,0.21216,-0.21216,0.21216,0,0.3
2024-02-23 15:11:05.498,0,0,0,0.1141629,0.21216,0.21216,-0.21216,0.21216,0,0.3
2024-02-23 15:11:05.515,0,0,0,0.1241264,0.21216,0.21216,-0.21216,0.21216,0,0.3
2024-02-23 15:11:05.523,0,0,0,0.1416921,0.21216,0.21216,-0.21216,0.21216,0,0.3
2024-02-23 15:11:05.535,0,0,0,0.1492303,0.21216,0.21216,-0.21216,0.21216,0,0.3
2024-02-23 15:11:05.545,0,0,0,0.1605082,0.21216,0.21216,-0.21216,0.21216,0,0.3
2024-02-23 15:11:05.554,0,0,0,0.1708493,0.21216,0.21216,-0.21216,0.21216,0,0.3
2024-02-23 15:11:05.565,0,0,0,0.1795958,0.21216,0.21216,-0.21216,0.21216,0,0.3
2024-02-23 15:11:05.574,0,0,0,0.1903059,0.21216,0.21216,-0.21216,0.21216,0,0.3
2024-02-23 15:11:05.585,0,0,0,0.1995237,0.21216,0.21216,-0.21216,0.21216,0,0.3
2024-02-23 15:11:05.595,0,0,0,0.2101205,0.21216,0.21216,-0.21216,0.21216,0,0.3
2024-02-23 15:11:05.605,0,0,0,0.2206318,0.21216,0.21216,-0.21216,0.21216,0,0.3
2024-02-23 15:11:05.615,0,0,0,0.2301709,0.21216,0.21216,-0.21216,0.21216,0,0.3
2024-02-23 15:11:05.624,0,0,0,0.2406078,0.21216,0.21216,-0.21216,0.21216,0,0.3
2024-02-23 15:11:05.635,0,0,0,0.2498689,0.21216,0.21216,-0.21216,0.21216,0,0.3
2024-02-23 15:11:05.645,0,0,0,0.2602033,0.21216,0.21216,-0.21216,0.21216,0,0.3
2024-02-23 15:11:05.655,0,0,0,0.2708199,0.21216,0.21216,-0.21216,0.21216,0,0.3
2024-02-23 15:11:05.665,0,0,0,0.2800797,0.21216,0.21216,-0.21216,0.21216,0,0.3
2024-02-23 15:11:05.675,0,0,0,0.2903197,0.21216,0.21216,-0.21216,0.21216,0,0.3
2024-02-23 15:11:05.685,0,0,0,0.2897954,0.21216,0.21216,-0.21216,0.21216,0,0.3
2024-02-23 15:11:05.695,0,0,0,0.2791526,0.21216,0.21216,-0.21216,0.21216,0,0.3
2024-02-23 15:11:05.704,0,0,0,0.2696918,0.21216,0.21216,-0.21216,0.21216,0,0.3
2024-02-23 15:11:05.721,0,0,0,0.2608692,0.21216,0.21216,-0.21216,0.21216,0,0.3
2024-02-23 15:11:05.728,0,0,0,0.2439313,0.21216,0.21216,-0.21216,0.21216,0,0.3
2024-02-23 15:11:05.737,0,0,0,0.2361488,0.21216,0.21216,-0.21216,0.21216,0,0.3
2024-02-23 15:11:05.746,0,0,0,0.2274375,0.21216,0.21216,-0.21216,0.21216,0,0.3
2024-02-23 15:11:05.755,0,0,0,0.2181858,0.21216,0.21216,-0.21216,0.21216,0,0.3
2024-02-23 15:11:05.766,0,0,0,0.2095298,0.21216,0.21216,-0.21216,0.21216,0,0.3
2024-02-23 15:11:05.776,0,0,0,0.1976706,0.21216,0.21216,-0.21216,0.21216,0,0.3
2024-02-23 15:11:05.787,0,0,0,0.1884914,0.21216,0.21216,-0.21216,0.21216,0,0.3
2024-02-23 15:11:05.798,0,0,0,0.1778004,0.21216,0.21216,-0.21216,0.21216,0,0.3
2024-02-23 15:11:05.806,0,0,0,0.167379,0.21216,0.21216,-0.21216,0.21216,0,0.3
2024-02-23 15:11:05.816,0,0,0,0.157857,0.21216,0.21216,-0.21216,0.21216,0,0.3
2024-02-23 15:11:05.826,0,0,0,0.148113,0.21216,0.21216,-0.21216,0.21216,0,0.3
2024-02-23 15:11:05.836,0,0,0,0.1382176,0.21216,0.21216,-0.21216,0.21216,0,0.3
2024-02-23 15:11:05.846,0,0,0,0.1279115,0.21216,0.21216,-0.21216,0.21216,0,0.3
2024-02-23 15:11:05.855,0,0,0,0.1183168,0.21216,0.21216,-0.21216,0.21216,0,0.3
2024-02-23 15:11:05.866,0,0,0,0.1093977,0.21216,0.21216,-0.21216,0.21216,0,0.3
2024-02-23 15:11:05.875,0,0,0,0.09887642,0.21216,0.21216,-0.21216,0.21216,0,0.3
2024-02-23 15:11:05.886,0,0,0,0.08982322,0.21216,0.21216,-0.21216,0.21216,0,0.3
2024-02-23 15:11:05.897,0,0,0,0.07855932,0.21216,0.21216,-0.21216,0.21216,0,0.3
2024-02-23 15:11:05.906,0,0,0,0.06762633,0.21216,0.21216,-0.21216,0.21216,0,0.3
2024-02-23 15:11:05.922,0,0,0,0.05902343,0.21216,0.21216,-0.21216,0.21216,0,0.3
2024-02-23 15:11:05.930,0,0,0,0.04204702,0.21216,0.21216,-0.21216,0.21216,0,0.3
2024-02-23 15:11:05.939,0,0,0,0.03394533,0.21216,0.21216,-0.21216,0.21216,0,0.3
2024-02-23 15:11:05.949,0,0,0,0.02542372,0.21216,0.21216,-0.21216,0.21216,0,0.3
2024-02-23 15:11:05.959,0,0,0,0.01537673,0.21216,0.21216,-0.21216,0.21216,0,0.3
2024-02-23 15:11:05.970,0,0,0,0.005967828,0.21216,0.21216,-0.21216,0.21216,0,0.3
2024-02-23 15:11:05.979,0,0,0,0,0.21216,0.21216,-0.21216,0.21216,0,0.3
2024-02-23 15:11:05.989,0,0,0,0,0.21216,0.21216,-0.21216,0.21216,0,0.3
2024-02-23 15:11:06.000,0,0,0,0,0.21216,0.21216,-0.21216,0.21216,0,0.3
2024-02-23 15:11:06.010,0,0,0,0,0.21216,0.21216,-0.21216,0.21216,0,0.3
2024-02-23 15:11:06.020,0,0,0,0,0.21216,0.21216,-0.21216,0.21216,0,0.3
2024-02-23 15:11:06.030,0,0,0,0,0.21216,0.21216,-0.21216,0.21216,0,0.3
2024-02-23 15:11:06.039,0,0,0,0,0.21216,0.21216,-0.21216,0.21216,0,0.3
2024-02-23 15:11:06.050,0,0,0,0,0.21216,0.21216,-0.21216,0.21216,0,0.3
2024-02-23 15:11:06.062,0,0,0,0,0.21216,0.21216,-0.21216,0.21216,0,0.3
2024-02-23 15:11:06.071,0,0,0,0,0.21216,0.21216,-0.21216,0.21216,0,0.3
2024-02-23 15:11:06.081,0,0,0,0,0.21216,0.21216,-0.21216,0.21216,0,0.3
2024-02-23 15:11:06.091,0,0,0,0,0.21216,0.21216,-0.21216,0.21216,0,0.3
2024-02-23 15:11:06.100,0,0,0,0,0.21216,0.21216,-0.21216,0.21216,0,0.3
2024-02-23 15:11:06.111,0,0,0,0,0.21216,0.21216,-0.21216,0.21216,0,0.3
2024-02-23 15:11:06.126,0,0,0,0,0.21216,0.21216,-0.21216,0.21216,0,0.3
2024-02-23 15:11:06.134,0,0,0,0,0.21216,0.21216,-0.21216,0.21216,0,0.3
2024-02-23 15:11:06.145,0,0,0,0,0.21216,0.21216,-0.21216,0.21216,0,0.3
2024-02-23 15:11:06.154,0,0,0,0,0.21216,0.21216,-0.21216,0.21216,0,0.3
2024-02-23 15:11:06.165,0,0,0,0,0.21216,0.21216,-0.21216,0.21216,0,0.3
2024-02-23 15:11:06.173,0,0,0,0,0.21216,0.21216,-0.21216,0.21216,0,0.3
2024-02-23 15:11:06.184,0,0,0,0,0.21216,0.21216,-0.21216,0.21216,0,0.3
2024-02-23 15:11:06.194,0,0,0,0,0.21216,0.21216,-0.21216,0.21216,0,0.3
2024-02-23 15:11:06.203,0,0,0,0,0.21216,0.21216,-0.21216,0.21216,0,0.3
2024-02-23 15:11:06.214,0,0,0,0,0.21216,0.21216,-0.21216,0.21216,0,0.3
2024-02-23 15:11:06.223,0,0,0,0,0.21216,0.21216,-0.21216,0.21216,0,0.3
2024-02-23 15:11:06.234,0,0,0,0,0.21216,0.21216,-0.21216,0.21216,0,0.3
2024-02-23 15:11:06.242,0,0,0,0,0.21216,0.21216,-0.21216,0.21216,0,0.3
2024-02-23 15:11:06.253,0,0,0,0,0.21216,0.21216,-0.21216,0.21216,0,0.3
2024-02-23 15:11:06.262,0,0,0,0,0.21216,0.21216,-0.21216,0.21216,0,0.3
2024-02-23 15:11:06.269,0,0,0,0,0.21216,0.21216,-0.21216,0.21216,0,0.3
2024-02-23 15:11:06.278,0,0,0,0,0.21216,0.21216,-0.21216,0.21216,0,0.3
2024-02-23 15:11:06.287,0,0,0,0,0.21216,0.21216,-0.21216,0.21216,0,0.3
2024-02-23 15:11:06.297,0,0,0,0,0.21216,0.21216,-0.21216,0.21216,0,0.3
2024-02-23 15:11:06.307,0,0,0,0,0.21216,0.21216,-0.21216,0.21216,0,0.3
2024-02-23 15:11:06.317,0,0,0,0,0.21216,0.21216,-0.21216,0.21216,0,0.3
2024-02-23 15:11:06.333,0,0,0,0,0.21216,0.21216,-0.21216,0.21216,0,0.3
2024-02-23 15:11:06.340,0,0,0,0,0.21216,0.21216,-0.21216,0.21216,0,0.3
2024-02-23 15:11:06.350,0,0,0,0,0.21216,0.21216,-0.21216,0.21216,0,0.3
2024-02-23 15:11:06.358,0,0,0,0,0.21216,0.21216,-0.21216,0.21216,0,0.3
2024-02-23 15:11:06.368,0,0,0,0,0.21216,0.21216,-0.21216,0.21216,0,0.3
2024-02-23 15:11:06.378,0,0,0,0,0.21216,0.21216,-0.21216,0.21216,0,0.3
2024-02-23 15:11:06.388,0,0,0,0,0.21216,0.21216,-0.21216,0.21216,0,0.3
2024-02-23 15:11:06.400,0,0,0,0,0.21216,0.21216,-0.21216,0.21216,0,0.3
2024-02-23 15:11:06.414,0,0,0,0,0.21216,0.21216,-0.21216,0.21216,0,0.3
2024-02-23 15:11:06.424,0,0,0,0,0.21216,0.21216,-0.21216,0.21216,0,0.3
2024-02-23 15:11:06.436,0,0,0,0,0.21216,0.21216,-0.21216,0.21216,0,0.3
2024-02-23 15:11:06.446,0,0,0,0,0.21216,0.21216,-0.21216,0.21216,0,0.3
2024-02-23 15:11:06.454,0,0,0,0,0.21216,0.21216,-0.21216,0.21216,0,0.3
2024-02-23 15:11:06.465,0,0,0,0,0.21216,0.21216,-0.21216,0.21216,0,0.3
2024-02-23 15:11:06.473,0,0,0,0,0.21216,0.21216,-0.21216,0.21216,0,0.3
2024-02-23 15:11:06.485,0,0,0,0,0.21216,0.21216,-0.21216,0.21216,0,0.3
2024-02-23 15:11:06.495,0,0,0,0,0.21216,0.21216,-0.21216,0.21216,0,0.3
2024-02-23 15:11:06.504,0,0,0,0,0.21216,0.21216,-0.21216,0.21216,0,0.3
2024-02-23 15:11:06.515,0,0,0,0,0.21216,0.21216,-0.21216,0.21216,0,0.3
2024-02-23 15:11:06.526,0,0,0,0,0.21216,0.21216,-0.21216,0.21216,0,0.3
2024-02-23 15:11:06.545,0,0,0,0,0.21216,0.21216,-0.21216,0.21216,0,0.3
2024-02-23 15:11:06.552,0,0,0,0,0.21216,0.21216,-0.21216,0.21216,0,0.3
2024-02-23 15:11:06.561,0,0,0,0,0.21216,0.21216,-0.21216,0.21216,0,0.3
2024-02-23 15:11:06.572,0,0,0,0,0.21216,0.21216,-0.21216,0.21216,0,0.3
2024-02-23 15:11:06.583,0,0,0,0,0.21216,0.21216,-0.21216,0.21216,0,0.3
2024-02-23 15:11:06.594,0,0,0,0,0.21216,0.21216,-0.21216,0.21216,0,0.3
2024-02-23 15:11:06.604,0,0,0,0,0.21216,0.21216,-0.21216,0.21216,0,0.3
2024-02-23 15:11:06.615,0,0,0,0,0.21216,0.21216,-0.21216,0.21216,0,0.3
2024-02-23 15:11:06.625,0,0,0,0,0.21216,0.21216,-0.21216,0.21216,0,0.3
2024-02-23 15:11:06.635,0,0,0,0,0.21216,0.21216,-0.21216,0.21216,0,0.3
2024-02-23 15:11:06.647,0,0,0,0,0.21216,0.21216,-0.21216,0.21216,0,0.3
2024-02-23 15:11:06.657,0,0,0,0,0.21216,0.21216,-0.21216,0.21216,0,0.3
2024-02-23 15:11:06.667,0,0,0,0,0.21216,0.21216,-0.21216,0.21216,0,0.3
2024-02-23 15:11:06.677,0,0,0,0,0.21216,0.21216,-0.21216,0.21216,0,0.3
2024-02-23 15:11:06.687,0,0,0,0,0.21216,0.21216,-0.21216,0.21216,0,0.3
2024-02-23 15:11:06.697,0,0,0,0,0.21216,0.21216,-0.21216,0.21216,0,0.3
2024-02-23 15:11:06.708,0,0,0,0,0.21216,0.21216,-0.21216,0.21216,0,0.3
2024-02-23 15:11:06.718,0,0,0,0,0.21216,0.21216,-0.21216,0.21216,0,0.3
2024-02-23 15:11:06.726,0,0,0,0,0.21216,0.21216,-0.21216,0.21216,0,0.3
2024-02-23 15:11:06.745,0,0,0,0,0.21216,0.21216,-0.21216,0.21216,0,0.3
2024-02-23 15:11:06.753,0,0,0,0,0.21216,0.21216,-0.21216,0.21216,0,0.3
2024-02-23 15:11:06.763,0,0,0,0,0.21216,0.21216,-0.21216,0.21216,0,0.3
2024-02-23 15:11:06.773,0,0,0,0,0.21216,0.21216,-0.21216,0.21216,0,0.3
2024-02-23 15:11:06.783,0,0,0,0,0.21216,0.21216,-0.21216,0.21216,0,0.3
2024-02-23 15:11:06.793,0,0,0,0,0.21216,0.21216,-0.21216,0.21216,0,0.3
2024-02-23 15:11:06.804,0,0,0,0,0.21216,0.21216,-0.21216,0.21216,0,0.3
2024-02-23 15:11:06.814,0,0,0,0,0.21216,0.21216,-0.21216,0.21216,0,0.3
2024-02-23 15:11:06.824,0,0,0,0,0.21216,0.21216,-0.21216,0.21216,0,0.3
2024-02-23 15:11:06.834,0,0,0,0,0.21216,0.21216,-0.21216,0.21216,0,0.3
2024-02-23 15:11:06.844,0,0,0,0,0.21216,0.21216,-0.21216,0.21216,0,0.3
2024-02-23 15:11:06.855,0,0,0,0,0.21216,0.21216,-0.21216,0.21216,0,0.3
2024-02-23 15:11:06.866,0,0,0,0,0.21216,0.21216,-0.21216,0.21216,0,0.3
2024-02-23 15:11:06.876,0,0,0,0,0.21216,0.21216,-0.21216,0.21216,0,0.3
2024-02-23 15:11:06.886,0,0,0,0,0.21216,0.21216,-0.21216,0.21216,0,0.3
2024-02-23 15:11:06.896,0,0,0,0,0.21216,0.21216,-0.21216,0.21216,0,0.3
2024-02-23 15:11:06.907,0,0,0,0,0.21216,0.21216,-0.21216,0.21216,0,0.3
2024-02-23 15:11:06.918,0,0,0,0,0.21216,0.21216,-0.21216,0.21216,0,0.3
2024-02-23 15:11:06.928,0,0,0,0,0.21216,0.21216,-0.21216,0.21216,0,0.3
2024-02-23 15:11:06.944,0,0,0,0,0.21216,0.21216,-0.21216,0.21216,0,0.3
2024-02-23 15:11:06.952,0,0,0,0,0.21216,0.21216,-0.21216,0.21216,0,0.3
2024-02-23 15:11:06.961,0,0,0,0,0.21216,0.21216,-0.21216,0.21216,0,0.3
2024-02-23 15:11:06.972,0,0,0,0,0.21216,0.21216,-0.21216,0.21216,0,0.3
2024-02-23 15:11:06.982,0,0,0,0,0.21216,0.21216,-0.21216,0.21216,0,0.3
2024-02-23 15:11:06.993,0,0,0,0,0.21216,0.21216,-0.21216,0.21216,0,0.3
2024-02-23 15:11:07.004,0,0,0,0,0.21216,0.21216,-0.21216,0.21216,0,0.3
2024-02-23 15:11:07.014,0,0,0,0,0.21216,0.21216,-0.21216,0.21216,0,0.3
2024-02-23 15:11:07.024,0,0,0,0,0.21216,0.21216,-0.21216,0.21216,0,0.3
2024-02-23 15:11:07.036,0,0,0,0,0.21216,0.21216,-0.21216,0.21216,0,0.3
2024-02-23 15:11:07.046,0,0,0,0,0.21216,0.21216,-0.21216,0.21216,0,0.3
2024-02-23 15:11:07.056,0,0,0,0,0.21216,0.21216,-0.21216,0.21216,0,0.3
2024-02-23 15:11:07.066,0,0,0,0,0.21216,0.21216,-0.21216,0.21216,0,0.3
2024-02-23 15:11:07.080,0,0,0,0,0.21216,0.21216,-0.21216,0.21216,0,0.3
2024-02-23 15:11:07.091,0,0,0,0,0.21216,0.21216,-0.21216,0.21216,0,0.3
2024-02-23 15:11:07.104,0,0,0,0,0.21216,0.21216,-0.21216,0.21216,0,0.3
2024-02-23 15:11:07.115,0,0,0,0,0.21216,0.21216,-0.21216,0.21216,0,0.3
2024-02-23 15:11:07.127,0,0,0,0,0.21216,0.21216,-0.21216,0.21216,0,0.3
2024-02-23 15:11:07.139,0,0,0,0,0.21216,0.21216,-0.21216,0.21216,0,0.3
2024-02-23 15:11:07.159,0,0,0,0,0.21216,0.21216,-0.21216,0.21216,0,0.3
2024-02-23 15:11:07.167,0,0,0,0,0.21216,0.21216,-0.21216,0.21216,0,0.3
2024-02-23 15:11:07.177,0,0,0,0,0.21216,0.21216,-0.21216,0.21216,0,0.3
2024-02-23 15:11:07.186,0,0,0,0,0.21216,0.21216,-0.21216,0.21216,0,0.3
2024-02-23 15:11:07.196,0,0,0,0,0.21216,0.21216,-0.21216,0.21216,0,0.3
2024-02-23 15:11:07.206,0,0,0,0,0.21216,0.21216,-0.21216,0.21216,0,0.3
2024-02-23 15:11:07.217,0,0,0,0,0.21216,0.21216,-0.21216,0.21216,0,0.3
2024-02-23 15:11:07.227,0,0,0,0,0.21216,0.21216,-0.21216,0.21216,0,0.3
2024-02-23 15:11:07.238,0,0,0,0,0.21216,0.21216,-0.21216,0.21216,0,0.3
2024-02-23 15:11:07.248,0,0,0,0,0.21216,0.21216,-0.21216,0.21216,0,0.3
2024-02-23 15:11:07.258,0,0,0,0,0.21216,0.21216,-0.21216,0.21216,0,0.3
2024-02-23 15:11:07.270,0,0,0,0,0.21216,0.21216,-0.21216,0.21216,0,0.3
2024-02-23 15:11:07.280,0,0,0,0,0.21216,0.21216,-0.21216,0.21216,0,0.3
2024-02-23 15:11:07.290,0,0,0,0,0.21216,0.21216,-0.21216,0.21216,0,0.3
2024-02-23 15:11:07.300,0,0,0,0,0.21216,0.21216,-0.21216,0.21216,0,0.3
2024-02-23 15:11:07.308,0,0,0,0,0.21216,0.21216,-0.21216,0.21216,0,0.3
2024-02-23 15:11:07.319,0,0,0,0,0.21216,0.21216,-0.21216,0.21216,0,0.3
2024-02-23 15:11:07.328,0,0,0,0,0.21216,0.21216,-0.21216,0.21216,0,0.3
2024-02-23 15:11:07.339,0,0,0,0,0.21216,0.21216,-0.21216,0.21216,0,0.3
2024-02-23 15:11:07.350,0,0,0,0,0.21216,0.21216,-0.21216,0.21216,0,0.3
2024-02-23 15:11:07.367,0,0,0,0,0.21216,0.21216,-0.21216,0.21216,0,0.3
2024-02-23 15:11:07.375,0,0,0,0,0.21216,0.21216,-0.21216,0.21216,0,0.3
2024-02-23 15:11:07.386,0,0,0,0,0.21216,0.21216,-0.21216,0.21216,0,0.3
2024-02-23 15:11:07.396,0,0,0,0,0.21216,0.21216,-0.21216,0.21216,0,0.3
2024-02-23 15:11:07.406,0,0,0,0,0.21216,0.21216,-0.21216,0.21216,0,0.3
2024-02-23 15:11:07.416,0,0,0,0,0.21216,0.21216,-0.21216,0.21216,0,0.3
2024-02-23 15:11:07.426,0,0,0,0,0.21216,0.21216,-0.21216,0.21216,0,0.3
2024-02-23 15:11:07.437,0,0,0,0,0.21216,0.21216,-0.21216,0.21216,0,0.3
2024-02-23 15:11:07.446,0,0,0,0,0.21216,0.21216,-0.21216,0.21216,0,0.3
2024-02-23 15:11:07.455,0,0,0,0,0.21216,0.21216,-0.21216,0.21216,0,0.3
2024-02-23 15:11:07.466,0,0,0,0,0.21216,0.21216,-0.21216,0.21216,0,0.3
2024-02-23 15:11:07.475,0,0,0,0,0.21216,0.21216,-0.21216,0.21216,0,0.3
2024-02-23 15:11:07.484,0,0,0,0,0.21216,0.21216,-0.21216,0.21216,0,0.3
2024-02-23 15:11:07.495,0,0,0,0,0.21216,0.21216,-0.21216,0.21216,0,0.3
2024-02-23 15:11:07.504,0,0,0,0,0.21216,0.21216,-0.21216,0.21216,0,0.3
2024-02-23 15:11:07.514,0,0,0,0,0.21216,0.21216,-0.21216,0.21216,0,0.3
2024-02-23 15:11:07.524,0,0,0,0,0.21216,0.21216,-0.21216,0.21216,0,0.3
2024-02-23 15:11:07.534,0,0,0,0,0.21216,0.21216,-0.21216,0.21216,0,0.3
2024-02-23 15:11:07.543,0,0,0,0,0.21216,0.21216,-0.21216,0.21216,0,0.3
2024-02-23 15:11:07.553,0,0,0,0,0.21216,0.21216,-0.21216,0.21216,0,0.3
2024-02-23 15:11:07.570,0,0,0,0,0.21216,0.21216,-0.21216,0.21216,0,0.3
2024-02-23 15:11:07.577,0,0,0,0,0.21216,0.21216,-0.21216,0.21216,0,0.3
2024-02-23 15:11:07.587,0,0,0,0,0.21216,0.21216,-0.21216,0.21216,0,0.3
2024-02-23 15:11:07.599,0,0,0,0,0.21216,0.21216,-0.21216,0.21216,0,0.3
2024-02-23 15:11:07.607,0,0,0,0,0.21216,0.21216,-0.21216,0.21216,0,0.3
2024-02-23 15:11:07.620,0,0,0,0,0.21216,0.21216,-0.21216,0.21216,0,0.3
2024-02-23 15:11:07.630,0,0,0,0,0.21216,0.21216,-0.21216,0.21216,0,0.3
2024-02-23 15:11:07.639,0,0,0,0,0.21216,0.21216,-0.21216,0.21216,0,0.3
2024-02-23 15:11:07.651,0,0,0,0,0.21216,0.21216,-0.21216,0.21216,0,0.3
2024-02-23 15:11:07.662,0,0,0,0,0.21216,0.21216,-0.21216,0.21216,0,0.3
2024-02-23 15:11:07.671,0,0,0,0,0.21216,0.21216,-0.21216,0.21216,0,0.3
2024-02-23 15:11:07.682,0,0,0,0,0.21216,0.21216,-0.21216,0.21216,0,0.3
2024-02-23 15:11:07.692,0,0,0,0,0.21216,0.21216,-0.21216,0.21216,0,0.3
2024-02-23 15:11:07.702,0,0,0,0,0.21216,0.21216,-0.21216,0.21216,0,0.3
2024-02-23 15:11:07.714,0,0,0,0,0.21216,0.21216,-0.21216,0.21216,0,0.3
2024-02-23 15:11:07.723,0,0,0,0,0.21216,0.21216,-0.21216,0.21216,0,0.3
2024-02-23 15:11:07.734,0,0,0,0,0.21216,0.21216,-0.21216,0.21216,0,0.3
2024-02-23 15:11:07.744,0,0,0,0,0.21216,0.21216,-0.21216,0.21216,0,0.3
2024-02-23 15:11:07.754,0,0,0,0,0.21216,0.21216,-0.21216,0.21216,0,0.3
2024-02-23 15:11:07.773,0,0,0,0,0.21216,0.21216,-0.21216,0.21216,0,0.3
2024-02-23 15:11:07.781,0,0,0,0,0.21216,0.21216,-0.21216,0.21216,0,0.3
2024-02-23 15:11:07.791,0,0,0,0,0.21216,0.21216,0,0.3,-0.21216,0.21216
2024-02-23 15:11:07.802,0,0,0,0,0.21216,0.21216,0,0.3,-0.21216,0.21216
2024-02-23 15:11:07.811,0,0,0,0,0.21216,0.21216,0,0.3,-0.21216,0.21216
2024-02-23 15:11:07.821,0,0,0,0,0.21216,0.21216,0,0.3,-0.21216,0.21216
2024-02-23 15:11:07.831,0,0,0,0,0.21216,0.21216,0,0.3,-0.21216,0.21216
